@@,itemlabel,item,startdate,enddate
+++,Abel Ignacio Cuevas Melo,Q5654902,2006-09-01,2009-08-31
+++,Abundio Peregrino García,Q5655521,2006-09-01,2009-08-31
+++,Addy Joaquín Coldwell,Q971902,2006-09-01,2009-08-31
+++,Adolfo Escobar Jardinez,,2006-09-01,2009-08-31
+++,Adolfo Mota Hernández,Q5658070,2006-09-01,2009-08-31
+++,Adriana Dávila Fernández,Q16210866,2006-09-01,2009-08-31
+++,Adriana Díaz Contreras,Q5658338,2006-09-01,2009-08-31
+++,Adriana Rebaca Vieyra Olivares,,2006-09-01,2009-08-31
+++,Adriana Rodríguez Vizcarra,,2006-09-01,2009-08-31
+++,Adrián Fernández Cabrera,,2006-09-01,2009-08-31
+++,Adrián Pedrozo Castillo,Q5658579,2006-09-01,2009-08-31
+++,Agustín Mollinedo Hernández,,2006-09-01,2009-08-31
+++,Agustón Leura González,,2006-09-01,2009-08-31
+++,Alan Notholt Guerrero,,2006-09-01,2009-08-31
+++,Alberto Amaro Corona,,2006-09-01,2009-08-31
+++,Alberto Esteva Salinas,,2006-09-01,2009-08-31
+++,Alberto López Rojas,,2006-09-01,2009-08-31
+++,Alberto Vázquez Martínez,,2006-09-01,2009-08-31
+++,Aleida Alavez Ruiz,Q5664630,2006-09-01,2009-08-31
+++,Alejandro Chanona,Q5664878,2006-09-01,2009-08-31
+++,Alejandro Delgado Oscoy,Q5664950,2006-09-01,2009-08-31
+++,Alejandro Landero Gutiérrez,,2006-09-01,2009-08-31
+++,Alejandro Martínez Hernández,,2006-09-01,2009-08-31
+++,Alejandro Olivares,,2006-09-01,2009-08-31
+++,Alejandro Sánchez Camacho,Q5665530,2006-09-01,2009-08-31
+++,Alejandro Sánchez Domínguez,,2006-09-01,2009-08-31
+++,Alfonso Izquierdo Bustamante,Q5666928,2006-09-01,2009-08-31
+++,Alfonso Othón Bello Pérez,,2006-09-01,2009-08-31
+++,Alfredo Barba Hernández,,2006-09-01,2009-08-31
+++,Alfredo Ríos Camarena,,2006-09-01,2009-08-31
+++,Alliet Bautista Bravo,Q16197535,2006-09-01,2009-08-31
+++,Alma Eduviges Alcaraz Hernández,,2006-09-01,2009-08-31
+++,Alma Hilda Medina Macías,,2006-09-01,2009-08-31
+++,Alma Lilia Luna Munguía,,2006-09-01,2009-08-31
+++,Alma Xóchitl Cardona Benavidez,,2006-09-01,2009-08-31
+++,Alonso Lizaola de la Torre,,2006-09-01,2009-08-31
+++,Amador Campos Aburto,,2006-09-01,2009-08-31
+++,Ana María Ramírez Cerda,,2006-09-01,2009-08-31
+++,Ana Teresa Velázquez Beeck,,2006-09-01,2009-08-31
+++,Ana Yurixi Leyva Piñón,,2006-09-01,2009-08-31
+++,Andrés Bermúdez Viramontes,Q2849000,2006-09-01,2009-08-31
+++,Andrés Carballo Bustamante,,2006-09-01,2009-08-31
+++,Andrés Lozano Lozano,Q5675895,2006-09-01,2009-08-31
+++,Angel Deschamps Falcón,Q6173109,2006-09-01,2009-08-31
+++,Antonio Berber Martínez,,2006-09-01,2009-08-31
+++,Antonio Flores Martínez,,2006-09-01,2009-08-31
+++,Antonio Laviada Hernández,,2006-09-01,2009-08-31
+++,Antonio Medellín Varela,,2006-09-01,2009-08-31
+++,Antonio Ortega Martínez,Q5699236,2006-09-01,2009-08-31
+++,Antonio Soto Sánchez,Q5699901,2006-09-01,2009-08-31
+++,Antonio Sánchez Díaz de Rivera,Q5699926,2006-09-01,2009-08-31
+++,Antonio Valladolid Rodríguez,Q2917944,2006-09-01,2009-08-31
+++,Antonio Vasconcelos Rueda,,2006-09-01,2009-08-31
+++,Antonio Vega Corona,,2006-09-01,2009-08-31
+++,Antonio Xavier López Adame,Q5700105,2006-09-01,2009-08-31
+++,Antonio de Jesús Díaz Athié,,2006-09-01,2009-08-31
+++,Antonio del Valle Toca,,2006-09-01,2009-08-31
+++,Anuario Luis Herrera Solís,Q5700611,2006-09-01,2009-08-31
+++,Apolonio Méndez Meneses,Q5701577,2006-09-01,2009-08-31
+++,Aracely Escalante Jasso,Q5702183,2006-09-01,2009-08-31
+++,Arely Madrid Tovilla,Q5703388,2006-09-01,2009-08-31
+++,Ariel Castillo Nájera,,2006-09-01,2009-08-31
+++,Armando Barreiro Pérez,,2006-09-01,2009-08-31
+++,Armando Enríquez Flores,Q8204602,2006-09-01,2009-08-31
+++,Armando Félix Holguín,,2006-09-01,2009-08-31
+++,Armando García Méndez,Q18354046,2006-09-01,2009-08-31
+++,Arnoldo Ochoa González,Q4795351,2006-09-01,2009-08-31
+++,Arnulfo Cordero Alfonzo,,2006-09-01,2009-08-31
+++,Artemio Torres Gómez,,2006-09-01,2009-08-31
+++,Arturo Flores Grande,,2006-09-01,2009-08-31
+++,Arturo Martínez Rocha,,2006-09-01,2009-08-31
+++,Ascensión Orihuela Bárcenas,Q6389576,2006-09-01,2009-08-31
+++,Aurora Cervantes Rodríguez,,2006-09-01,2009-08-31
+++,Aída Marina Arvizu Rivas,Q5715338,2006-09-01,2009-08-31
+++,Beatriz Collado Lara,,2006-09-01,2009-08-31
+++,Beatriz Eugenia García Reyes,,2006-09-01,2009-08-31
+++,Beatriz Pagés Rebollar,Q813308,2006-09-01,2009-08-31
+++,Benjamín González Roaro,Q5726076,2006-09-01,2009-08-31
+++,Benjamín Hernández Silva,,2006-09-01,2009-08-31
+++,Bertha Yolanda Rodríguez Ramírez,,2006-09-01,2009-08-31
+++,Bibiana Rodríguez Montes,,2006-09-01,2009-08-31
+++,Blanca Luna Becerril,,2006-09-01,2009-08-31
+++,Camerino Eleazar Márquez Madrid,,2006-09-01,2009-08-31
+++,Carlos Alberto García González,Q16213521,2006-09-01,2009-08-31
+++,Carlos Alberto Navarro Sugich,,2006-09-01,2009-08-31
+++,Carlos Alberto Torres Torres,,2006-09-01,2009-08-31
+++,Carlos Altamirano Toledo,Q5749652,2006-09-01,2009-08-31
+++,Carlos Armando Biebrich,Q5749726,2006-09-01,2009-08-31
+++,Carlos Augusto Bracho González,,2006-09-01,2009-08-31
+++,Carlos Chaurand,Q5750029,2006-09-01,2009-08-31
+++,Carlos Ernesto Navarro López,Q19518880,2006-09-01,2009-08-31
+++,Carlos Felton González,,2006-09-01,2009-08-31
+++,Carlos Madrazo Limón,Q5750791,2006-09-01,2009-08-31
+++,Carlos Martínez Martínez,,2006-09-01,2009-08-31
+++,Carlos Morales Vázquez,Q5751070,2006-09-01,2009-08-31
+++,Carlos René Sánchez Gil,,2006-09-01,2009-08-31
+++,Carlos Reyes López,Q18209866,2006-09-01,2009-08-31
+++,Carlos Rojas Gutiérrez,Q5751617,2006-09-01,2009-08-31
+++,Carlos Sánchez Barrios,Q18217956,2006-09-01,2009-08-31
+++,Carlos Zatarain González,Q5752151,2006-09-01,2009-08-31
+++,Celso David Pulido Santiago,,2006-09-01,2009-08-31
+++,Cesar Augusto Verástegui Ostos,,2006-09-01,2009-08-31
+++,Christian Martín Lujano Nicolás,Q5767492,2006-09-01,2009-08-31
+++,Claudia Lilia Cruz Santiago,,2006-09-01,2009-08-31
+++,Claudia Sánchez Juárez,,2006-09-01,2009-08-31
+++,Concepción Ojeda Hernández,,2006-09-01,2009-08-31
+++,Constantino Acosta Dávila,,2006-09-01,2009-08-31
+++,Cristián Castaño Contreras,Q5791574,2006-09-01,2009-08-31
+++,Cruz Pérez Cuéllar,Q5792375,2006-09-01,2009-08-31
+++,Cuauhtémoc Sandoval Ramírez,Q5191894,2006-09-01,2009-08-31
+++,Cuauhtémoc Velasco Oliva,Q5793442,2006-09-01,2009-08-31
+++,Cuitláhuac Condado Escamilla,,2006-09-01,2009-08-31
+++,César Camacho Quiroz,Q2280339,2006-09-01,2009-08-31
+++,César Duarte Jáquez,Q959151,2006-09-01,2009-08-31
+++,César Flores Maldonado,Q17274566,2006-09-01,2009-08-31
---,César Mancillas Amador,Q5796295,2009,2012
+++,Daniel Amador Gaxiola,,2006-09-01,2009-08-31
+++,Daniel Chávez García,,2006-09-01,2009-08-31
+++,Daniel Dehesa Mora,,2006-09-01,2009-08-31
+++,Daniel Gurrión Matías,,2006-09-01,2009-08-31
+++,Daniel Ludlow Kuri,Q5798497,2006-09-01,2009-08-31
+++,Daniel Pérez Valdés,,2006-09-01,2009-08-31
+++,Daniel Torres García,,2006-09-01,2009-08-31
+++,David Figueroa Ortega,Q5799984,2006-09-01,2009-08-31
+++,David Lara Compeán,,2006-09-01,2009-08-31
+++,David Maldonado González,Q2889341,2006-09-01,2009-08-31
+++,David Mendoza Arellano,,2006-09-01,2009-08-31
+++,David Sánchez Camacho,Q5240229,2006-09-01,2009-08-31
+++,Daysi Hernández Gaytán,,2006-09-01,2009-08-31
+++,Delber Medina Rodríguez,,2006-09-01,2009-08-31
+++,Delio Hernández Valadés,Q5801852,2006-09-01,2009-08-31
+++,Demetrio Romás Isidoro,,2006-09-01,2009-08-31
+++,Diego Aguilar,,2006-09-01,2009-08-31
+++,Diego Cobo Terrazas,Q5805993,2006-09-01,2009-08-31
+++,Diódoro Carrasco Altamirano,Q2141249,2006-09-01,2009-08-31
+++,Dolores del Socorro Rodríguez Sabido,,2006-09-01,2009-08-31
+++,Dora Alicia Martínez Valero,,2006-09-01,2009-08-31
+++,Edgar Armando Olvera Higuera,Q5817724,2006-09-01,2009-08-31
+++,Edgar Ramírez Pech,,2006-09-01,2009-08-31
+++,Eduardo Espinosa Abuxapqui,Q5819196,2006-09-01,2009-08-31
+++,Eduardo Ortiz Hernández,Q5819514,2006-09-01,2009-08-31
+++,Eduardo Sánchez Hernández,Q5819758,2006-09-01,2009-08-31
+++,Eduardo de la Torre Jaramillo,Q5819166,2006-09-01,2009-08-31
+++,Efraín Arizmendi Uribe,,2006-09-01,2009-08-31
+++,Efraín Morales Sánchez,Q2890018,2006-09-01,2009-08-31
+++,Efraín Peña Damacio,,2006-09-01,2009-08-31
+++,Elda Gómez Lugo,,2006-09-01,2009-08-31
+++,Elia Hernández Núñez,Q18391926,2006-09-01,2009-08-31
+++,Elizabeth Morales García,Q5829679,2006-09-01,2009-08-31
+++,Elmar Díaz Solórzano,,2006-09-01,2009-08-31
+++,Elsa Conde Rodríguez,,2006-09-01,2009-08-31
+++,Elías Cárdenas Márquez,Q5830207,2006-09-01,2009-08-31
+++,Emilio Flores Domínguez,Q5831093,2006-09-01,2009-08-31
+++,Emilio Gamboa Patrón,Q2304052,2006-09-01,2009-08-31
+++,Emilio Ulloa Pérez,Q5831353,2006-09-01,2009-08-31
+++,Enrique Cárdenas del Avellano,Q5833206,2006-09-01,2009-08-31
+++,Enrique Iragorri Durán,,2006-09-01,2009-08-31
+++,Enrique Rodríguez Uresti,,2006-09-01,2009-08-31
+++,Enrique Serrano Escobar,Q5833807,2006-09-01,2009-08-31
+++,Erick López Barriga,,2006-09-01,2009-08-31
+++,Erika Larregui Nagel,,2006-09-01,2009-08-31
+++,Ernesto Javier Gómez Barrales,,2006-09-01,2009-08-31
+++,Ernesto Oviedo Oviedo,,2006-09-01,2009-08-31
+++,Ernesto Ruiz Velazco,,2006-09-01,2009-08-31
+++,Esmeralda Cárdenas Sánchez,Q5839670,2006-09-01,2009-08-31
+++,Fabián Montes Sánchez,,2006-09-01,2009-08-31
+++,Faustino Javier Estrada González,,2006-09-01,2009-08-31
+++,Faustino Soto Ramos,Q18354844,2006-09-01,2009-08-31
+++,Fausto Mendoza Maldonado,,2006-09-01,2009-08-31
+++,Federico Bernal Frausto,,2006-09-01,2009-08-31
+++,Felipe Borrego Estrada,Q5858125,2006-09-01,2009-08-31
+++,Felipe Díaz Garibay,Q5858171,2006-09-01,2009-08-31
+++,Felipe González Ruiz,,2006-09-01,2009-08-31
+++,Fernando Mayans Canabal,Q3069498,2006-09-01,2009-08-31
+++,Fernando Quetzalcoatl Moctezuma Pereda,,2006-09-01,2009-08-31
+++,Fernel Gálvez Rodríguez,,2006-09-01,2009-08-31
+++,Florentina Medrano Echeverría,,2006-09-01,2009-08-31
+++,Francisco Domínguez Servien,Q6436448,2006-09-01,2009-08-31
+++,Francisco Dávila García,Q5865566,2006-09-01,2009-08-31
+++,Francisco Elizondo Garrido,Q18637323,2006-09-01,2009-08-31
+++,Francisco Fraile García,,2006-09-01,2009-08-31
+++,Francisco Javier Calzada Vázquez,Q5866109,2006-09-01,2009-08-31
+++,Francisco Javier Gudiño Ortíz,,2006-09-01,2009-08-31
+++,Francisco Javier Murillo Flores,,2006-09-01,2009-08-31
+++,Francisco Javier Paredes Rodríguez,,2006-09-01,2009-08-31
+++,Francisco Javier Plascencia Alonso,,2006-09-01,2009-08-31
+++,Francisco Martínez Martínez,Q18356045,2006-09-01,2009-08-31
+++,Francisco Márquez Tinoco,,2006-09-01,2009-08-31
+++,Francisco Rueda Gómez,,2006-09-01,2009-08-31
+++,Francisco Santos Arreola,,2006-09-01,2009-08-31
+++,Francisco Sánchez Ramos,,2006-09-01,2009-08-31
+++,Félix Castellanos Hernández,,2006-09-01,2009-08-31
+++,Gerardo Amezola Fonceca,,2006-09-01,2009-08-31
+++,Gerardo Aranda Orozco,,2006-09-01,2009-08-31
->,Gerardo Buganza->Gerardo Buganza Salmerón,Q5550244,2006-09-01,2009-08-31
+++,Gerardo Escaroz Soler,,2006-09-01,2009-08-31
+++,Gerardo Lagunes Gallina,,2006-09-01,2009-08-31
+++,Gerardo Priego Tapia,Q5878366,2006-09-01,2009-08-31
+++,Gerardo Sosa Castelán,Q5878408,2006-09-01,2009-08-31
+++,Gerardo Vargas Landeros,Q18344207,2006-09-01,2009-08-31
->,Gerardo Villanueva Albarrán,Q5878421,2006-09-01,2009-02-28->2009-08-31
+++,Gilberto Ojeda Camacho,,2006-09-01,2009-08-31
+++,Gloria Lavara Mejía,Q5881280,2006-09-01,2009-08-31
+++,Gloria Leticia González Rivera,,2006-09-01,2009-08-31
+++,Gloria Rasgado Corsi,,2006-09-01,2009-08-31
+++,Gregorio Barradas Miravete,Q5606713,2006-09-01,2009-08-31
+++,Guadalupe Flores Salazar,,2006-09-01,2009-08-31
+++,Guillermina López Balbuena,,2006-09-01,2009-08-31
+++,Gustavo Caballero Camargo,,2006-09-01,2009-08-31
+++,Gustavo Cárdenas Gutiérrez,Q5889579,2006-09-01,2009-08-31
+++,Gustavo Macías Zambrano,Q18347687,2006-09-01,2009-08-31
+++,Gustavo Mendívil Amparán,,2006-09-01,2009-08-31
+++,Gustavo Parra Noriega,Q5889781,2006-09-01,2009-08-31
+++,Gustavo Ramírez Villarreal,,2006-09-01,2009-08-31
+++,Higinio Chávez García,,2006-09-01,2009-08-31
+++,Holly Matus Toledo,,2006-09-01,2009-08-31
+++,Horacio Garza Garza,Q5902370,2006-09-01,2009-08-31
+++,Hugo Eduardo Martínez Padilla,Q5904466,2006-09-01,2009-08-31
+++,Humberto Alonso Razo,,2006-09-01,2009-08-31
+++,Humberto Dávila Esquivel,,2006-09-01,2009-08-31
+++,Humberto López Lena,Q5904938,2006-09-01,2009-08-31
+++,Héctor Hugo Olivares Ventura,Q5906212,2006-09-01,2009-08-31
+++,Héctor Larios Córdova,Q5649067,2006-09-01,2009-08-31
+++,Héctor Manuel Ramos Covarrubias,,2006-09-01,2009-08-31
+++,Héctor Narcía Álvarez,,2006-09-01,2009-08-31
+++,Héctor Padilla Gutiérrez,,2006-09-01,2009-08-31
+++,Irena Aragón Castillo,,2006-09-01,2009-08-31
+++,Irineo Mendoza Mendoza,,2006-09-01,2009-08-31
+++,Irma Piñeiro Arias,,2006-09-01,2009-08-31
+++,Isael Villa Villa,Q5574061,2006-09-01,2009-08-31
+++,Isidro Pedraza Chávez,Q16191015,2006-09-01,2009-08-31
+++,Ismael Ordaz Jiménez,,2006-09-01,2009-08-31
+++,Israel Beltrán Montes,Q5922865,2006-09-01,2009-08-31
+++,Jacinto Gómez Pasillas,Q5924180,2006-09-01,2009-08-31
+++,Jaime Cervantes Rivera,Q5924970,2006-09-01,2009-08-31
+++,Jaime Espejel Lascano,,2006-09-01,2009-08-31
+++,Jaime Verdin Saldaña,,2006-09-01,2009-08-31
+++,Javier Bolaños Aguilar,Q18684875,2006-09-01,2009-08-31
+++,Javier González Garza,Q5927795,2006-09-01,2009-08-31
+++,Javier Guerrero García,Q5927812,2006-09-01,2009-08-31
+++,Javier Hernández Manzanares,,2006-09-01,2009-08-31
+++,Javier Zambrano Elizondo,,2006-09-01,2009-08-31
+++,Jericó Abramo Masso,Q5929347,2006-09-01,2009-08-31
+++,Jesús Alcántara Núñez,Q18249288,2006-09-01,2009-08-31
+++,Jesús Arredondo Velázquez,,2006-09-01,2009-08-31
+++,Jesús Evodio Velázquez Aguirre,Q18354365,2006-09-01,2009-08-31
+++,Jesús Humberto Zazueta Aguilar,Q5930230,2006-09-01,2009-08-31
+++,Jesús Manuel Patrón Montalvo,,2006-09-01,2009-08-31
+++,Jesús Ramírez Stabros,Q5930570,2006-09-01,2009-08-31
+++,Jesús Reyna García,Q5930586,2006-09-01,2009-08-31
+++,Jesús Vicente Flores Morfín,,2006-09-01,2009-08-31
+++,Jesús de León Tello,Q5930807,2006-09-01,2009-08-31
+++,Joaquín Díaz Mena,Q5931901,2006-09-01,2009-08-31
+++,Joaquín Humberto Vela González,,2006-09-01,2009-08-31
+++,Joaquín de los Santos Molina,,2006-09-01,2009-08-31
+++,Joel Arellano Arellano,,2006-09-01,2009-08-31
+++,Joel Ayala,Q5932725,2006-09-01,2009-08-31
+++,Joel Guerrero Juárez,,2006-09-01,2009-08-31
+++,Jorge Emilio González Martínez,Q3301658,2006-09-01,2009-08-31
+++,Jorge Estefan Chidiac,Q5935014,2006-09-01,2009-08-31
+++,Jorge Godoy Cárdenas,,2006-09-01,2009-08-31
+++,Jorge Justiniano González Betancourt,,2006-09-01,2009-08-31
+++,Jorge Luis De la Garza Treviño,,2006-09-01,2009-08-31
+++,Jorge Mario Lescieur Talavera,,2006-09-01,2009-08-31
+++,Jorge Nordhausen González,,2006-09-01,2009-08-31
+++,Jorge Quintero Bello,,2006-09-01,2009-08-31
---,Jorge Romero Romero,Q17180879,2003-09-01,2012-08-31
+++,Jorge Salum del Palacio,Q18217955,2006-09-01,2009-08-31
+++,Jorge Toledo Luis,Q5936139,2006-09-01,2009-08-31
+++,Jorge Zermeño Infante,Q5936292,2006-09-01,2009-08-31
+++,José Alejandro Aguilar López,,2006-09-01,2009-08-31
+++,José Alfonso Suárez del Real,Q5937515,2006-09-01,2009-08-31
+++,José Amado Orihuela Trejo,Q5937578,2006-09-01,2009-08-31
+++,José Antonio Almazán González,,2006-09-01,2009-08-31
+++,José Antonio Arévalo González,,2006-09-01,2009-08-31
+++,José Antonio Díaz García,,2006-09-01,2009-08-31
+++,José Antonio Muñoz Serrano,,2006-09-01,2009-08-31
+++,José Antonio Saavedra Coronel,,2006-09-01,2009-08-31
+++,José Edmundo Ramírez Martínez,,2006-09-01,2009-08-31
+++,José Gildardo Guerrero Torres,,2006-09-01,2009-08-31
+++,José Guadalupe Rivera Rivera,,2006-09-01,2009-08-31
+++,José Guillermo Fuentes Ortiz,,2006-09-01,2009-08-31
+++,José Guillermo Velázquez Gutiérrez,,2006-09-01,2009-08-31
+++,José Ignacio Rubio Chávez,,2006-09-01,2009-08-31
+++,José Inés Palafox Núñez,,2006-09-01,2009-08-31
+++,José Jácques y Medina,Q5940920,2006-09-01,2009-08-31
+++,José Luis Aguilera Rico,,2006-09-01,2009-08-31
+++,José Luis Blanco Pajón,,2006-09-01,2009-08-31
+++,José Luis Contreras Coeto,,2006-09-01,2009-08-31
+++,José Luis Espinosa Piña,Q5941273,2006-09-01,2009-08-31
+++,José Luis Gutiérrez Calzadilla,,2006-09-01,2009-08-31
+++,José Luis Murillo Torres,,2006-09-01,2009-08-31
+++,José Luis Verela Lagunas,,2006-09-01,2009-08-31
+++,José Manuel del Río Virgen,Q6293079,2006-09-01,2009-08-31
+++,José Murat,Q2431153,2006-09-01,2009-08-31
+++,José Nicolás Morales Ramos,,2006-09-01,2009-08-31
+++,José Rosas Aispuro,Q5945231,2006-09-01,2009-08-31
+++,José Rubén Escajeda Jiménez,,2006-09-01,2009-08-31
+++,José Víctor Sánchez Trujillo,,2006-09-01,2009-08-31
+++,José de Jesús Solano Muñoz,,2006-09-01,2009-08-31
+++,José de la Torre Sánchez,,2006-09-01,2009-08-31
+++,Juan Abad de Jesús,,2006-09-01,2009-08-31
+++,Juan Adolfo Orci Martínez,,2006-09-01,2009-08-31
+++,Juan Carlos Velasco Pérez,,2006-09-01,2009-08-31
+++,Juan Darío Arreola Calderón,,2006-09-01,2009-08-31
+++,Juan Darío Lemarroy Martínez,,2006-09-01,2009-08-31
+++,Juan Enrique Barrios Rodríguez,,2006-09-01,2009-08-31
+++,Juan Francisco Rivera Bedoya,Q5949594,2006-09-01,2009-08-31
+++,Juan Hugo de la Rosa García,Q5949968,2006-09-01,2009-08-31
+++,Juan Ignacio Samperio Montaño,,2006-09-01,2009-08-31
+++,Juan José Rodríguez Prats,Q5950473,2006-09-01,2009-08-31
+++,Juan Manuel Parás González,Q5951121,2006-09-01,2009-08-31
+++,Juan Manuel San Martín Hernández,,2006-09-01,2009-08-31
+++,Juan Manuel Sandoval Munguía,,2006-09-01,2009-08-31
+++,Juan Manuel Villanueva Arjona,,2006-09-01,2009-08-31
+++,Juan N. Guerra,Q5855470,2006-09-01,2009-08-31
+++,Juan Victoria Alva,,2006-09-01,2009-08-31
+++,Juan de Dios Castro Muñoz,,2006-09-01,2009-08-31
+++,Laura Rojas Hernández,Q16215516,2006-09-01,2009-08-31
+++,Layda Sansores San Román,Q2566657,2006-09-01,2009-08-31
+++,Leobardo Curiel Preciado,,2006-09-01,2009-08-31
+++,Leonardo Magallón Arceo,,2006-09-01,2009-08-31
+++,Leticia Díaz de León Torres,,2006-09-01,2009-08-31
+++,Leticia Herrera Ale,Q16193634,2006-09-01,2009-08-31
+++,Lilia Merodio Reza,Q2746219,2006-09-01,2009-08-31
+++,Liliana Carbajal Méndez,,2006-09-01,2009-08-31
+++,Lizbeth Evelia Medina Rodríguez,,2006-09-01,2009-08-31
+++,Lorena Martínez Rodríguez,Q5978948,2006-09-01,2009-08-31
+++,Lourdes Alonso Flores,,2006-09-01,2009-08-31
+++,Lourdes Eulalia Quiñones Canales,,2006-09-01,2009-08-31
+++,Lucía Susana Mendoza Morales,,2006-09-01,2009-08-31
+++,Luis Alonso Mejía García,,2006-09-01,2009-08-31
+++,Luis Enrique Benítez Ojeda,Q5983257,2006-09-01,2009-08-31
---,Luis Enrique Mercado,Q19518853,2009,2012
+++,Luis Fernando Rodríguez Ahumada,,2006-09-01,2009-08-31
+++,Luis Rodolfo Enríquez Martínez,,2006-09-01,2009-08-31
+++,Luis Serrato Castell,Q18350779,2006-09-01,2009-08-31
+++,Luis Sánchez Jiménez,Q5984363,2006-09-01,2009-08-31
+++,Luis Xavier Maawad Robert,,2006-09-01,2009-08-31
+++,Ma. Dolores González Sánchez,,2006-09-01,2009-08-31
+++,Ma. Soledad López Torres,,2006-09-01,2009-08-31
+++,Manuel Cárdenas Fonseca,,2006-09-01,2009-08-31
+++,Manuel Minjares Jiménez,Q5993789,2006-09-01,2009-08-31
+++,Marcela Cuen Garibi,,2006-09-01,2009-08-31
+++,Marco Antonio Bernal Gutiérrez,Q5804242,2006-09-01,2009-08-31
+++,Marco Antonio Peyrot Solís,Q5996250,2006-09-01,2009-08-31
+++,Marco Heriberto Orozco Ruiz Velazco,,2006-09-01,2009-08-31
+++,Marco Matías Alonso,,2006-09-01,2009-08-31
+++,Marcos Salas Contreras,,2006-09-01,2009-08-31
+++,Margarita Arenas Guzmán,,2006-09-01,2009-08-31
+++,Mariano González Zarur,Q3291371,2006-09-01,2009-08-31
+++,Maribel Luis Alva Olvera,,2006-09-01,2009-08-31
+++,Maricela Contreras Julián,Q9029045,2006-09-01,2009-08-31
+++,Mario Alberto Salazar Madera,,2006-09-01,2009-08-31
+++,Mario Enrique del Toro,Q5998649,2006-09-01,2009-08-31
+++,Mario Mendoza Cortés,,2006-09-01,2009-08-31
+++,Mario Moreno Álvarez,,2006-09-01,2009-08-31
+++,Mario Vallejo Estévez,,2006-09-01,2009-08-31
+++,Martha Angélica Romo Jiménez,,2006-09-01,2009-08-31
+++,Martha Cecilia Díaz Gordillo,Q6002094,2006-09-01,2009-08-31
+++,Martha Hilda González Calderón,Q5650453,2006-09-01,2009-08-31
+++,Martha Margarita García Müller,,2006-09-01,2009-08-31
+++,Martha Rocío Partida Guzmán,,2006-09-01,2009-08-31
+++,Martha Tagle Martínez,,2006-09-01,2009-08-31
+++,Martín González Morán,,2006-09-01,2009-08-31
+++,Martín López Cisneros,Q16214055,2006-09-01,2009-08-31
+++,Martín Malagon Ríos,,2006-09-01,2009-08-31
+++,Martín Ramos Castellanos,,2006-09-01,2009-08-31
+++,Martín Stefanonni Mazzocco,Q6777838,2006-09-01,2009-08-31
+++,Martín Zepeda Hernández,,2006-09-01,2009-08-31
+++,María Dolores Ortega Tzitzihua,,2006-09-01,2009-08-31
+++,María Elena Noriega Blanco Vigil,,2006-09-01,2009-08-31
+++,María Elena Torres Baltazar,,2006-09-01,2009-08-31
+++,María Elena Álvarez Bernal,Q5488662,2006-09-01,2009-08-31
+++,María Esperanza Morelos Borja,,2006-09-01,2009-08-31
+++,María Esther Jiménez Ramos,,2006-09-01,2009-08-31
+++,María Eugenia Campos Galván,Q16298068,2006-09-01,2009-08-31
+++,María Eugenia Jiménez Valenzuela,,2006-09-01,2009-08-31
+++,María Eugenia Patiño Sánchez,,2006-09-01,2009-08-31
+++,María Gabriela González Martínez,,2006-09-01,2009-08-31
+++,María Gloria Guadalupe Valenzuela García,,2006-09-01,2009-08-31
+++,María Guadalupe Josefina García Noriega,,2006-09-01,2009-08-31
+++,María Guadalupe Salazar Anaya,,2006-09-01,2009-08-31
+++,María Isabel Reyes García,,2006-09-01,2009-08-31
+++,María Mercedes Corral Aguilar,,2006-09-01,2009-08-31
+++,María Mercedes Maciel Ortiz,Q6004321,2006-09-01,2009-08-31
+++,María Ofelia Malcos Alfaro,,2006-09-01,2009-08-31
+++,María Oralia Vega Ortiz,Q6004390,2006-09-01,2009-08-31
+++,María Victoria Gutiérrez Lagunes,,2006-09-01,2009-08-31
+++,María de Jesús Martínez Díaz,,2006-09-01,2009-08-31
+++,María de los Ángeles Jiménez del Castillo,,2006-09-01,2009-08-31
+++,María del Carmen Parra Jiménez,,2006-09-01,2009-08-31
+++,María del Carmen Pinete Vargas,,2006-09-01,2009-08-31
+++,María del Carmen Salvatori Bronca,Q6004957,2006-09-01,2009-08-31
+++,María del Pilar Ortega Martínez,Q6004989,2006-09-01,2009-08-31
+++,Mauricio Duck Núñez,,2006-09-01,2009-08-31
+++,Mauricio Ortiz Proal,,2006-09-01,2009-08-31
+++,Mayra Gisela Peñuelas Acuña,,2006-09-01,2009-08-31
+++,Mercedes Colín Guadarrama,Q18249437,2006-09-01,2009-08-31
+++,Mercedes Morales Utrera,,2006-09-01,2009-08-31
+++,Miguel Ángel Arellano Pulido,,2006-09-01,2009-08-31
+++,Miguel Ángel González Salum,,2006-09-01,2009-08-31
+++,Miguel Ángel Jiménez Godínez,Q6015681,2006-09-01,2009-08-31
+++,Miguel Ángel Monraz Ibarra,,2006-09-01,2009-08-31
+++,Miguel Ángel Navarro Quintero,Q6015772,2006-09-01,2009-08-31
+++,Miguel Ángel Peña Sánchez,,2006-09-01,2009-08-31
+++,Miguel Ángel Solares Chávez,,2006-09-01,2009-08-31
+++,Mirna Rincón Vargas,Q18209878,2006-09-01,2009-08-31
+++,Modesto Brito González,,2006-09-01,2009-08-31
+++,Moisés Alcalde Virgen,Q6020644,2006-09-01,2009-08-31
+++,Moisés Dagdug Lützow,Q6020665,2006-09-01,2009-08-31
+++,Moisés Gil Ramírez,,2006-09-01,2009-08-31
+++,Mónica Arriola Gordillo,Q6950240,2006-09-01,2009-08-31
+++,Mónica Fernández Balboa,Q18378698,2006-09-01,2009-08-31
+++,Nabor Ochoa López,Q6037076,2006-09-01,2009-08-31
+++,Narciso Alberto Amador Leal,Q18350877,2006-09-01,2009-08-31
+++,Neftalí Garzón Contreras,,2006-09-01,2009-08-31
+++,Nelly Asunción Hurtado Pérez,,2006-09-01,2009-08-31
+++,Nemesio Domínguez Domínguez,,2006-09-01,2009-08-31
---,Nicolás Bellizia Aboaf,Q18684710,2009,2012
+++,Obdulio Ávila Mayo,Q5790133,2006-09-01,2009-08-31
+++,Octavio Adolfo Klimek Alcaráz,,2006-09-01,2009-08-31
+++,Octavio Fuentes Téllez,,2006-09-01,2009-08-31
---,Octavio Klimek Alcaráz,Q19518819,2008,2009
+++,Octavio Martínez Vargas,,2006-09-01,2009-08-31
+++,Odilón Romero Gutiérrez,,2006-09-01,2009-08-31
+++,Olga Patricia Chozas y Chozas,,2006-09-01,2009-08-31
+++,Omar Borboa Becerra,,2006-09-01,2009-08-31
+++,Omeheira López Reyna,,2006-09-01,2009-08-31
+++,Oscar Cárdenas Monroy,Q6053880,2006-09-01,2009-08-31
+++,Osiel Castro de la Rosa,,2006-09-01,2009-08-31
+++,Othón Cuevas Córdova,Q18249465,2006-09-01,2009-08-31
+++,Pablo Leopoldo Arreola Ortega,,2006-09-01,2009-08-31
+++,Pablo Trejo Pérez,,2006-09-01,2009-08-31
+++,Patricia Castillo Romero,,2006-09-01,2009-08-31
+++,Patricia Villanueva Abraján,Q6066619,2006-09-01,2009-08-31
+++,Patricio Flores Sandoval,,2006-09-01,2009-08-31
+++,Pedro Armendáriz García,,2006-09-01,2009-08-31
+++,Pedro Landero López,,2006-09-01,2009-08-31
+++,Pedro Montalvo Gómez,Q18387353,2006-09-01,2009-08-31
+++,Pedro Pulido Pecero,,2006-09-01,2009-08-31
+++,Pilar Guerrero Rubio,,2006-09-01,2009-08-31
+++,Raciel Pérez Cruz,,2006-09-01,2009-08-31
+++,Rafael Franco Melgarejo,,2006-09-01,2009-08-31
+++,Rafael Ramos Becerril,,2006-09-01,2009-08-31
+++,Rafael Sánchez Cabrales,,2006-09-01,2009-08-31
+++,Rafael Villicaña García,,2006-09-01,2009-08-31
+++,Ramón Almonte Borja,,2006-09-01,2009-08-31
+++,Ramón Barajas López,,2006-09-01,2009-08-31
+++,Ramón Ceja Romero,,2006-09-01,2009-08-31
+++,Ramón Landeros González,,2006-09-01,2009-08-31
+++,Ramón Lemus Muñoz Ledo,,2006-09-01,2009-08-31
+++,Ramón Pacheco Llanes,,2006-09-01,2009-08-31
+++,Ramón Salas López,,2006-09-01,2009-08-31
+++,Ramón Valdés Chávez,,2006-09-01,2009-08-31
+++,Raymundo Cárdenas,Q5390520,2006-09-01,2009-08-31
+++,Raymundo Escamilla González,,2006-09-01,2009-08-31
+++,Raúl Alejandro Padilla Orozco,Q6101015,2006-09-01,2009-08-31
+++,Raúl Cervantes Andrade,Q6101115,2006-09-01,2009-08-31
+++,Raúl García Vivian,,2006-09-01,2009-08-31
+++,Raúl Ríos Gamboa,,2006-09-01,2009-08-31
+++,René Lezama Aradillas,,2006-09-01,2009-08-31
+++,Ricardo Aldana Prieto,Q6107974,2006-09-01,2009-08-31
+++,Ricardo Canavati Tafich,Q7322581,2006-09-01,2009-08-31
+++,Ricardo Cantú Garza,Q6108068,2006-09-01,2009-08-31
+++,Ricardo Franco Cázarez,,2006-09-01,2009-08-31
+++,Ricardo Rodríguez Jiménez,,2006-09-01,2009-08-31
+++,Roberto Badillo Martínez,Q6109590,2006-09-01,2009-08-31
+++,Roberto Mendoza Flores,,2006-09-01,2009-08-31
+++,Robinson Uscanga Cruz,,2006-09-01,2009-08-31
+++,Rocío Morgan Franco,,2006-09-01,2009-08-31
+++,Rodolfo Solís Parga,,2006-09-01,2009-08-31
+++,Rodrigo Medina de la Cruz,Q982818,2006-09-01,2009-08-31
+++,Rogelio Carbajal Tejada,Q6110944,2006-09-01,2009-08-31
+++,Rogelio Muñoz Serna,,2006-09-01,2009-08-31
+++,Rolando Rivero Rivero,,2006-09-01,2009-08-31
+++,Rosa Elia Romero Guzmán,Q6112158,2006-09-01,2009-08-31
+++,Rosa Elva Soriano Sánchez,,2006-09-01,2009-08-31
+++,Rosario Ortiz Magallón,,2006-09-01,2009-08-31
+++,Rosaura Virginia Denegre Vaught,,2006-09-01,2009-08-31
+++,Rubén Aguilar Jiménez,Q6113148,2006-09-01,2009-08-31
+++,Rubí Laura López Silva,,2006-09-01,2009-08-31
+++,Ruth Zavaleta Salgado,Q2342482,2006-09-01,2009-08-31
+++,Rutilio Escandón Cadenas,Q6114542,2006-09-01,2009-08-31
+++,Salvador Arredondo Ibarra,,2006-09-01,2009-08-31
+++,Salvador Barajas del Toro,Q6117631,2006-09-01,2009-08-31
+++,Salvador Ruiz Sánchez,,2006-09-01,2009-08-31
+++,Salvador Sánchez Peñuelas,,2006-09-01,2009-08-31
+++,Samuel Aguilar Solís,,2006-09-01,2009-08-31
+++,Samuel Palma César,,2006-09-01,2009-08-31
+++,Santiago López Becerra,,2006-09-01,2009-08-31
+++,Santiago Pedro Cortés,Q6121087,2006-09-01,2009-08-31
+++,Sara Isabel Castellanos Cortés,,2006-09-01,2009-08-31
+++,Sara Latife Ruiz Chávez,Q3473275,2006-09-01,2009-08-31
+++,Secundino Catarino Crispín,,2006-09-01,2009-08-31
+++,Sergio Augusto López Ramírez,,2006-09-01,2009-08-31
+++,Sergio González García,,2006-09-01,2009-08-31
+++,Sergio Hernández Hernández,,2006-09-01,2009-08-31
+++,Sergio Sandoval Paredes,,2006-09-01,2009-08-31
+++,Silbestre Álvarez Ramón,,2006-09-01,2009-08-31
+++,Silvano Garay Ulloa,,2006-09-01,2009-08-31
+++,Silvia Emilia Degante Romero,,2006-09-01,2009-08-31
+++,Silvia Oliva Fragoso,Q5687450,2006-09-01,2009-08-31
+++,Silvio Gómez Leyva,,2006-09-01,2009-08-31
+++,Sivia Luna Rodríguez,,2006-09-01,2009-08-31
->,Sofía Castro Romero,Q45458958,2006-09-01,2009-09-01->2009-08-31
+++,Soledad Limas Frescas,Q18379149,2006-09-01,2009-08-31
+++,Sonia Nohelia Ibarra Franquez,,2006-09-01,2009-08-31
+++,Susana Monreal Ávila,Q6136350,2006-09-01,2009-08-31
+++,Susana Sarahí Carrasco Cárdenas,,2006-09-01,2009-08-31
+++,Teresa de Jesús Alcocer y Gazca,,2006-09-01,2009-08-31
+++,Tomas del Toro del Villar,,2006-09-01,2009-08-31
+++,Tomás Gloria Requena,,2006-09-01,2009-08-31
+++,Tonatiuh Bravo Padilla,Q5923208,2006-09-01,2009-08-31
+++,Valentina Batres Guadarrama,Q6158839,2006-09-01,2009-08-31
+++,Verónica Velasco Rodríguez,,2006-09-01,2009-08-31
+++,Victorio Montalvo Rojas,Q6161603,2006-09-01,2009-08-31
+++,Violeta Lagunes Viveros,Q3560430,2006-09-01,2009-08-31
+++,Víctor Aguirre Alcaide,,2006-09-01,2009-08-31
+++,Víctor Hugo García Rodríguez,,2006-09-01,2009-08-31
+++,Víctor Manuel Lizárraga Peraza,,2006-09-01,2009-08-31
+++,Víctor Manuel Méndez Lanz,Q6165629,2006-09-01,2009-08-31
+++,Víctor Manuel Torres Herrera,,2006-09-01,2009-08-31
+++,Víctor Manuel Virgen Carrera,,2006-09-01,2009-08-31
+++,Víctor Ortíz del Carpio,,2006-09-01,2009-08-31
+++,Víctor Valencia de los Santos,Q6165767,2006-09-01,2009-08-31
+++,Víctor Varela López,Q3564466,2006-09-01,2009-08-31
+++,Wenceslao Herrera Coyac,,2006-09-01,2009-08-31
+++,Yadhira Yvette Tamayo Herrera,,2006-09-01,2009-08-31
+++,Yari del Carmen Gebhardt Garduza,,2006-09-01,2009-08-31
+++,Yolanda Garmendia Hernández,Q6170217,2006-09-01,2009-08-31
+++,Ángel Humberto García Reyes,,2006-09-01,2009-08-31
+++,Éctor Jaime Ramírez Barba,Q6174183,2006-09-01,2009-08-31
+++,Óscar Mohamar Dainitín,,2006-09-01,2009-08-31
